Plate;WellPos;IndexName;I7_Adapter;I7_Index;I5_Adapter;I5_Index;I5_Index_Rc
A;A1;UDP0001;CGCTCAGTTC;GAACTGAGCG;TCGTGGAGCG;TCGTGGAGCG;CGCTCCACGA
A;B1;UDP0002;TATCTGACCT;AGGTCAGATA;CTACAAGATA;CTACAAGATA;TATCTTGTAG
A;C1;UDP0003;ATATGAGACG;CGTCTCATAT;TATAGTAGCT;TATAGTAGCT;AGCTACTATA
A;D1;UDP0004;CTTATGGAAT;ATTCCATAAG;TGCCTGGTGG;TGCCTGGTGG;CCACCAGGCA
A;E1;UDP0005;TAATCTCGTC;GACGAGATTA;ACATTATCCT;ACATTATCCT;AGGATAATGT
A;F1;UDP0006;GCGCGATGTT;AACATCGCGC;GTCCACTTGT;GTCCACTTGT;ACAAGTGGAC
A;G1;UDP0007;AGAGCACTAG;CTAGTGCTCT;TGGAACAGTA;TGGAACAGTA;TACTGTTCCA
A;H1;UDP0008;TGCCTTGATC;GATCAAGGCA;CCTTGTTAAT;CCTTGTTAAT;ATTAACAAGG
A;A2;UDP0009;CTACTCAGTC;GACTGAGTAG;GTTGATAGTG;GTTGATAGTG;CACTATCAAC
A;B2;UDP0010;TCGTCTGACT;AGTCAGACGA;ACCAGCGACA;ACCAGCGACA;TGTCGCTGGT
A;C2;UDP0011;GAACATACGG;CCGTATGTTC;CATACACTGT;CATACACTGT;ACAGTGTATG
A;D2;UDP0012;CCTATGACTC;GAGTCATAGG;GTGTGGCGCT;GTGTGGCGCT;AGCGCCACAC
A;E2;UDP0013;TAATGGCAAG;CTTGCCATTA;ATCACGAAGG;ATCACGAAGG;CCTTCGTGAT
A;F2;UDP0014;GTGCCGCTTC;GAAGCGGCAC;CGGCTCTACT;CGGCTCTACT;AGTAGAGCCG
A;G2;UDP0015;CGGCAATGGA;TCCATTGCCG;GAATGCACGA;GAATGCACGA;TCGTGCATTC
A;H2;UDP0016;GCCGTAACCG;CGGTTACGGC;AAGACTATAG;AAGACTATAG;CTATAGTCTT
A;A3;UDP0017;AACCATTCTC;GAGAATGGTT;TCGGCAGCAA;TCGGCAGCAA;TTGCTGCCGA
A;B3;UDP0018;GGTTGCCTCT;AGAGGCAACC;CTAATGATGG;CTAATGATGG;CCATCATTAG
A;C3;UDP0019;CTAATGATGG;CCATCATTAG;GGTTGCCTCT;GGTTGCCTCT;AGAGGCAACC
A;D3;UDP0020;TCGGCCTATC;GATAGGCCGA;CGCACATGGC;CGCACATGGC;GCCATGTGCG
A;E3;UDP0021;AGTCAACCAT;ATGGTTGACT;GGCCTGTCCT;GGCCTGTCCT;AGGACAGGCC
A;F3;UDP0022;GAGCGCAATA;TATTGCGCTC;CTGTGTTAGG;CTGTGTTAGG;CCTAACACAG
A;G3;UDP0023;AACAAGGCGT;ACGCCTTGTT;TAAGGAACGT;TAAGGAACGT;ACGTTCCTTA
A;H3;UDP0024;GTATGTAGAA;TTCTACATAC;CTAACTGTAA;CTAACTGTAA;TTACAGTTAG
A;A4;UDP0025;TTCTATGGTT;AACCATAGAA;GGCGAGATGG;GGCGAGATGG;CCATCTCGCC
A;B4;UDP0026;CCTCGCAACC;GGTTGCGAGG;AATAGAGCAA;AATAGAGCAA;TTGCTCTATT
A;C4;UDP0027;TGGATGCTTA;TAAGCATCCA;TCAATCCATT;TCAATCCATT;AATGGATTGA
A;D4;UDP0028;ATGTCGTGGT;ACCACGACAT;TCGTATGCGG;TCGTATGCGG;CCGCATACGA
A;E4;UDP0029;AGAGTGCGGC;GCCGCACTCT;TCCGACCTCG;TCCGACCTCG;CGAGGTCGGA
A;F4;UDP0030;TGCCTGGTGG;CCACCAGGCA;CTTATGGAAT;CTTATGGAAT;ATTCCATAAG
A;G4;UDP0031;TGCGTGTCAC;GTGACACGCA;GCTTACGGAC;GCTTACGGAC;GTCCGTAAGC
A;H4;UDP0032;CATACACTGT;ACAGTGTATG;GAACATACGG;GAACATACGG;CCGTATGTTC
A;A5;UDP0033;CGTATAATCA;TGATTATACG;GTCGATTACA;GTCGATTACA;TGTAATCGAC
A;B5;UDP0034;TACGCGGCTG;CAGCCGCGTA;ACTAGCCGTG;ACTAGCCGTG;CACGGCTAGT
A;C5;UDP0035;GCGAGTTACC;GGTAACTCGC;AAGTTGGTGA;AAGTTGGTGA;TCACCAACTT
A;D5;UDP0036;TACGGCCGGT;ACCGGCCGTA;TGGCAATATT;TGGCAATATT;AATATTGCCA
A;E5;UDP0037;GTCGATTACA;TGTAATCGAC;GATCACCGCG;GATCACCGCG;CGCGGTGATC
A;F5;UDP0038;CTGTCTGCAC;GTGCAGACAG;TACCATCCGT;TACCATCCGT;ACGGATGGTA
A;G5;UDP0039;CAGCCGATTG;CAATCGGCTG;GCTGTAGGAA;GCTGTAGGAA;TTCCTACAGC
A;H5;UDP0040;TGACTACATA;TATGTAGTCA;CGCACTAATG;CGCACTAATG;CATTAGTGCG
A;A6;UDP0041;ATTGCCGAGT;ACTCGGCAAT;GACAACTGAA;GACAACTGAA;TTCAGTTGTC
A;B6;UDP0042;GCCATTAGAC;GTCTAATGGC;AGTGGTCAGG;AGTGGTCAGG;CCTGACCACT
A;C6;UDP0043;GGCGAGATGG;CCATCTCGCC;TTCTATGGTT;TTCTATGGTT;AACCATAGAA
A;D6;UDP0044;TGGCTCGCAG;CTGCGAGCCA;AATCCGGCCA;AATCCGGCCA;TGGCCGGATT
A;E6;UDP0045;TAGAATAACG;CGTTATTCTA;CCATAAGGTT;CCATAAGGTT;AACCTTATGG
A;F6;UDP0046;TAATGGATCT;AGATCCATTA;ATCTCTACCA;ATCTCTACCA;TGGTAGAGAT
A;G6;UDP0047;TATCCAGGAC;GTCCTGGATA;CGGTGGCGAA;CGGTGGCGAA;TTCGCCACCG
A;H6;UDP0048;AGTGCCACTG;CAGTGGCACT;TAACAATAGG;TAACAATAGG;CCTATTGTTA
A;A7;UDP0049;GTGCAACACT;AGTGTTGCAC;CTGGTACACG;CTGGTACACG;CGTGTACCAG
A;B7;UDP0050;ACATGGTGTC;GACACCATGT;TCAACGTGTA;TCAACGTGTA;TACACGTTGA
A;C7;UDP0051;GACAGACAGG;CCTGTCTGTC;ACTGTTGTGA;ACTGTTGTGA;TCACAACAGT
A;D7;UDP0052;TCTTACATCA;TGATGTAAGA;GTGCGTCCTT;GTGCGTCCTT;AAGGACGCAC
A;E7;UDP0053;TTACAATTCC;GGAATTGTAA;AGCACATCCT;AGCACATCCT;AGGATGTGCT
A;F7;UDP0054;AAGCTTATGC;GCATAAGCTT;TTCCGTCGCA;TTCCGTCGCA;TGCGACGGAA
A;G7;UDP0055;TATTCCTCAG;CTGAGGAATA;CTTAACCACT;CTTAACCACT;AGTGGTTAAG
A;H7;UDP0056;CTCGTGCGTT;AACGCACGAG;GCCTCGGATA;GCCTCGGATA;TATCCGAGGC
A;A8;UDP0057;TTAGGATAGA;TCTATCCTAA;CGTCGACTGG;CGTCGACTGG;CCAGTCGACG
A;B8;UDP0058;CCGAAGCGAG;CTCGCTTCGG;TACTAGTCAA;TACTAGTCAA;TTGACTAGTA
A;C8;UDP0059;GGACCAACAG;CTGTTGGTCC;ATAGACCGTT;ATAGACCGTT;AACGGTCTAT
A;D8;UDP0060;TTCCAGGTAA;TTACCTGGAA;ACAGTTCCAG;ACAGTTCCAG;CTGGAACTGT
A;E8;UDP0061;TGATTAGCCA;TGGCTAATCA;AGGCATGTAG;AGGCATGTAG;CTACATGCCT
A;F8;UDP0062;TAACAGTGTT;AACACTGTTA;GCAAGTCTCA;GCAAGTCTCA;TGAGACTTGC
A;G8;UDP0063;ACCGCGCAAT;ATTGCGCGGT;TTGGCTCCGC;TTGGCTCCGC;GCGGAGCCAA
A;H8;UDP0064;GTTCGCGCCA;TGGCGCGAAC;AACTGATACT;AACTGATACT;AGTATCAGTT
A;A9;UDP0065;AGACACATTA;TAATGTGTCT;GTAAGGCATA;GTAAGGCATA;TATGCCTTAC
A;B9;UDP0066;GCGTTGGTAT;ATACCAACGC;AATTGCTGCG;AATTGCTGCG;CGCAGCAATT
A;C9;UDP0067;AGCACATCCT;AGGATGTGCT;TTACAATTCC;TTACAATTCC;GGAATTGTAA
A;D9;UDP0068;TTGTTCCGTG;CACGGAACAA;AACCTAGCAC;AACCTAGCAC;GTGCTAGGTT
A;E9;UDP0069;AAGTACTCCA;TGGAGTACTT;TCTGTGTGGA;TCTGTGTGGA;TCCACACAGA
A;F9;UDP0070;ACGTCAATAC;GTATTGACGT;GGAATTCCAA;GGAATTCCAA;TTGGAATTCC
A;G9;UDP0071;GGTGTACAAG;CTTGTACACC;AAGCGCGCTT;AAGCGCGCTT;AAGCGCGCTT
A;H9;UDP0072;CCACCTGTGT;ACACAGGTGG;TGAGCGTTGT;TGAGCGTTGT;ACAACGCTCA
A;A10;UDP0073;GTTCCGCAGG;CCTGCGGAAC;ATCATAGGCT;ATCATAGGCT;AGCCTATGAT
A;B10;UDP0074;ACCTTATGAA;TTCATAAGGT;TGTTAGAAGG;TGTTAGAAGG;CCTTCTAACA
A;C10;UDP0075;CGCTGCAGAG;CTCTGCAGCG;GATGGATGTA;GATGGATGTA;TACATCCATC
A;D10;UDP0076;GTAGAGTCAG;CTGACTCTAC;ACGGCCGTCA;ACGGCCGTCA;TGACGGCCGT
A;E10;UDP0077;GGATACCAGA;TCTGGTATCC;CGTTGCTTAC;CGTTGCTTAC;GTAAGCAACG
A;F10;UDP0078;CGCACTAATG;CATTAGTGCG;TGACTACATA;TGACTACATA;TATGTAGTCA
A;G10;UDP0079;TCCTGACCGT;ACGGTCAGGA;CGGCCTCGTT;CGGCCTCGTT;AACGAGGCCG
A;H10;UDP0080;CTGGCTTGCC;GGCAAGCCAG;CAAGCATCCG;CAAGCATCCG;CGGATGCTTG
A;A11;UDP0081;ACCAGCGACA;TGTCGCTGGT;TCGTCTGACT;TCGTCTGACT;AGTCAGACGA
A;B11;UDP0082;TTGTAACGGT;ACCGTTACAA;CTCATAGCGA;CTCATAGCGA;TCGCTATGAG
A;C11;UDP0083;GTAAGGCATA;TATGCCTTAC;AGACACATTA;AGACACATTA;TAATGTGTCT
A;D11;UDP0084;GTCCACTTGT;ACAAGTGGAC;GCGCGATGTT;GCGCGATGTT;AACATCGCGC
A;E11;UDP0085;TTAGGTACCA;TGGTACCTAA;CATGAGTACT;CATGAGTACT;AGTACTCATG
A;F11;UDP0086;GGAATTCCAA;TTGGAATTCC;ACGTCAATAC;ACGTCAATAC;GTATTGACGT
A;G11;UDP0087;CATGTAGAGG;CCTCTACATG;GATACCTCCT;GATACCTCCT;AGGAGGTATC
A;H11;UDP0088;TACACGCTCC;GGAGCGTGTA;ATCCGTAAGT;ATCCGTAAGT;ACTTACGGAT
A;A12;UDP0089;GCTTACGGAC;GTCCGTAAGC;CGTGTATCTT;CGTGTATCTT;AAGATACACG
A;B12;UDP0090;CGCTTGAAGT;ACTTCAAGCG;GAACCATGAA;GAACCATGAA;TTCATGGTTC
A;C12;UDP0091;CGCCTTCTGA;TCAGAAGGCG;GGCCATCATA;GGCCATCATA;TATGATGGCC
A;D12;UDP0092;ATACCAACGC;GCGTTGGTAT;ACATACTTCC;ACATACTTCC;GGAAGTATGT
A;E12;UDP0093;CTGGATATGT;ACATATCCAG;TATGTGCAAT;TATGTGCAAT;ATTGCACATA
A;F12;UDP0094;CAATCTATGA;TCATAGATTG;GATTAAGGTG;GATTAAGGTG;CACCTTAATC
A;G12;UDP0095;GGTGGAATAC;GTATTCCACC;ATGTAGACAA;ATGTAGACAA;TTGTCTACAT
A;H12;UDP0096;TGGACGGAGG;CCTCCGTCCA;CACATCGGTG;CACATCGGTG;CACCGATGTG
B;A1;UDP0097;CTGACCGGCA;TGCCGGTCAG;CCTGATACAA;CCTGATACAA;TTGTATCAGG
B;B1;UDP0098;GAATTGAGTG;CACTCAATTC;TTAAGTTGTG;TTAAGTTGTG;CACAACTTAA
B;C1;UDP0099;GCGTGTGAGA;TCTCACACGC;CGGACAGTGA;CGGACAGTGA;TCACTGTCCG
B;D1;UDP0100;TCTCCATTGA;TCAATGGAGA;GCACTACAAC;GCACTACAAC;GTTGTAGTGC
B;E1;UDP0101;ACATGCATAT;ATATGCATGT;TGGTGCCTGG;TGGTGCCTGG;CCAGGCACCA
B;F1;UDP0102;CAGGCGCCAT;ATGGCGCCTG;TCCACGGCCT;TCCACGGCCT;AGGCCGTGGA
B;G1;UDP0103;ACATAACGGA;TCCGTTATGT;TTGTAGTGTA;TTGTAGTGTA;TACACTACAA
B;H1;UDP0104;TTAATAGACC;GGTCTATTAA;CCACGACACG;CCACGACACG;CGTGTCGTGG
B;A2;UDP0105;ACGATTGCTG;CAGCAATCGT;TGTGATGTAT;TGTGATGTAT;ATACATCACA
B;B2;UDP0106;TTCTACAGAA;TTCTGTAGAA;GAGCGCAATA;GAGCGCAATA;TATTGCGCTC
B;C2;UDP0107;TATTGCGTTC;GAACGCAATA;ATCTTACTGT;ATCTTACTGT;ACAGTAAGAT
B;D2;UDP0108;CATGAGTACT;AGTACTCATG;ATGTCGTGGT;ATGTCGTGGT;ACCACGACAT
B;E2;UDP0109;TAATTCTACC;GGTAGAATTA;GTAGCCATCA;GTAGCCATCA;TGATGGCTAC
B;F2;UDP0110;ACGCTAATTA;TAATTAGCGT;TGGTTAAGAA;TGGTTAAGAA;TTCTTAACCA
B;G2;UDP0111;CCTTGTTAAT;ATTAACAAGG;TGTTGTTCGT;TGTTGTTCGT;ACGAACAACA
B;H2;UDP0112;GTAGCCATCA;TGATGGCTAC;CCAACAACAT;CCAACAACAT;ATGTTGTTGG
B;A3;UDP0113;CTTGTAATTC;GAATTACAAG;ACCGGCTCAG;ACCGGCTCAG;CTGAGCCGGT
B;B3;UDP0114;TCCAATTCTA;TAGAATTGGA;GTTAATCTGA;GTTAATCTGA;TCAGATTAAC
B;C3;UDP0115;AGAGCTGCCT;AGGCAGCTCT;CGGCTAACGT;CGGCTAACGT;ACGTTAGCCG
B;D3;UDP0116;CTTCGCCGAT;ATCGGCGAAG;TCCAAGAATT;TCCAAGAATT;AATTCTTGGA
B;E3;UDP0117;TCGGTCACGG;CCGTGACCGA;CCGAACGTTG;CCGAACGTTG;CAACGTTCGG
B;F3;UDP0118;GAACAAGTAT;ATACTTGTTC;TAACCGCCGA;TAACCGCCGA;TCGGCGGTTA
B;G3;UDP0119;AATTGGCGGA;TCCGCCAATT;CTCCGTGCTG;CTCCGTGCTG;CAGCACGGAG
B;H3;UDP0120;GGCCTGTCCT;AGGACAGGCC;CATTCCAGCT;CATTCCAGCT;AGCTGGAATG
B;A4;UDP0121;TAGGTTCTCT;AGAGAACCTA;GGTTATGCTA;GGTTATGCTA;TAGCATAACC
B;B4;UDP0122;ACACAATATC;GATATTGTGT;ACCACACGGT;ACCACACGGT;ACCGTGTGGT
B;C4;UDP0123;TTCCTGTACG;CGTACAGGAA;TAGGTTCTCT;TAGGTTCTCT;AGAGAACCTA
B;D4;UDP0124;GGTAACGCAG;CTGCGTTACC;TATGGCTCGA;TATGGCTCGA;TCGAGCCATA
B;E4;UDP0125;TCCACGGCCT;AGGCCGTGGA;CTCGTGCGTT;CTCGTGCGTT;AACGCACGAG
B;F4;UDP0126;GATACCTCCT;AGGAGGTATC;CCAGTTGGCA;CCAGTTGGCA;TGCCAACTGG
B;G4;UDP0127;CAACGTCAGC;GCTGACGTTG;TGTTCGCATT;TGTTCGCATT;AATGCGAACA
B;H4;UDP0128;CGGTTATTAG;CTAATAACCG;AACCGCATCG;AACCGCATCG;CGATGCGGTT
B;A5;UDP0129;CGCGCCTAGA;TCTAGGCGCG;CGAAGGTTAA;CGAAGGTTAA;TTAACCTTCG
B;B5;UDP0130;TCTTGGCTAT;ATAGCCAAGA;AGTGCCACTG;AGTGCCACTG;CAGTGGCACT
B;C5;UDP0131;TCACACCGAA;TTCGGTGTGA;GAACAAGTAT;GAACAAGTAT;ATACTTGTTC
B;D5;UDP0132;AACGTTACAT;ATGTAACGTT;ACGATTGCTG;ACGATTGCTG;CAGCAATCGT
B;E5;UDP0133;CGGCCTCGTT;AACGAGGCCG;ATACCTGGAT;ATACCTGGAT;ATCCAGGTAT
B;F5;UDP0134;CATAACACCA;TGGTGTTATG;TCCAATTCTA;TCCAATTCTA;TAGAATTGGA
B;G5;UDP0135;ACAGAGGCCA;TGGCCTCTGT;TGAGACAGCG;TGAGACAGCG;CGCTGTCTCA
B;H5;UDP0136;TGGTGCCTGG;CCAGGCACCA;ACGCTAATTA;ACGCTAATTA;TAATTAGCGT
B;A6;UDP0137;TAGGAACCGG;CCGGTTCCTA;TATATTCGAG;TATATTCGAG;CTCGAATATA
B;B6;UDP0138;AATATTGGCC;GGCCAATATT;CGGTCCGATA;CGGTCCGATA;TATCGGACCG
B;C6;UDP0139;ATAGGTATTC;GAATACCTAT;ACAATAGAGT;ACAATAGAGT;ACTCTATTGT
B;D6;UDP0140;CCTTCACGTA;TACGTGAAGG;CGGTTATTAG;CGGTTATTAG;CTAATAACCG
B;E6;UDP0141;GGCCAATAAG;CTTATTGGCC;GATAACAAGT;GATAACAAGT;ACTTGTTATC
B;F6;UDP0142;CAGTAGTTGT;ACAACTACTG;AGTTATCACA;AGTTATCACA;TGTGATAACT
B;G6;UDP0143;TTCATCCAAC;GTTGGATGAA;TTCCAGGTAA;TTCCAGGTAA;TTACCTGGAA
B;H6;UDP0144;CAATTGGATT;AATCCAATTG;CATGTAGAGG;CATGTAGAGG;CCTCTACATG
B;A7;UDP0145;GGCCATCATA;TATGATGGCC;GATTGTCATA;GATTGTCATA;TATGACAATC
B;B7;UDP0146;AATTGCTGCG;CGCAGCAATT;ATTCCGCTAT;ATTCCGCTAT;ATAGCGGAAT
B;C7;UDP0147;TAAGGAACGT;ACGTTCCTTA;GACCGCTGTG;GACCGCTGTG;CACAGCGGTC
B;D7;UDP0148;CTATACGCGG;CCGCGTATAG;TAGGAACCGG;TAGGAACCGG;CCGGTTCCTA
B;E7;UDP0149;ATTCAGAATC;GATTCTGAAT;AGCGGTGGAC;AGCGGTGGAC;GTCCACCGCT
B;F7;UDP0150;GTATTCTCTA;TAGAGAATAC;TATAGATTCG;TATAGATTCG;CGAATCTATA
B;G7;UDP0151;CCTGATACAA;TTGTATCAGG;ACAGAGGCCA;ACAGAGGCCA;TGGCCTCTGT
B;H7;UDP0152;GACCGCTGTG;CACAGCGGTC;ATTCCTATTG;ATTCCTATTG;CAATAGGAAT
B;A8;UDP0153;TTCAGCGTGG;CCACGCTGAA;TATTCCTCAG;TATTCCTCAG;CTGAGGAATA
B;B8;UDP0154;AACTCCGAAC;GTTCGGAGTT;CGCCTTCTGA;CGCCTTCTGA;TCAGAAGGCG
B;C8;UDP0155;ATTCCGCTAT;ATAGCGGAAT;GCGCAGAGTA;GCGCAGAGTA;TACTCTGCGC
B;D8;UDP0156;TGAATATTGC;GCAATATTCA;GGCGCCAATT;GGCGCCAATT;AATTGGCGCC
B;E8;UDP0157;CGCAATCTAG;CTAGATTGCG;AGATATGGCG;AGATATGGCG;CGCCATATCT
B;F8;UDP0158;AACCGCATCG;CGATGCGGTT;CCTGCTTGGT;CCTGCTTGGT;ACCAAGCAGG
B;G8;UDP0159;CTAGTCCGGA;TCCGGACTAG;GACGAACAAT;GACGAACAAT;ATTGTTCGTC
B;H8;UDP0160;GCTCCGTCAC;GTGACGGAGC;TGGCGGTCCA;TGGCGGTCCA;TGGACCGCCA
B;A9;UDP0161;AGATGGAATT;AATTCCATCT;CTTCAGTTAC;CTTCAGTTAC;GTAACTGAAG
B;B9;UDP0162;ACACCGTTAA;TTAACGGTGT;TCCTGACCGT;TCCTGACCGT;ACGGTCAGGA
B;C9;UDP0163;GATAACAAGT;ACTTGTTATC;CGCGCCTAGA;CGCGCCTAGA;TCTAGGCGCG
B;D9;UDP0164;CTGGTACACG;CGTGTACCAG;AGGATAAGTT;AGGATAAGTT;AACTTATCCT
B;E9;UDP0165;CGAAGGTTAA;TTAACCTTCG;AGGCCAGACA;AGGCCAGACA;TGTCTGGCCT
B;F9;UDP0166;ATCGCATATG;CATATGCGAT;CCTTGAACGG;CCTTGAACGG;CCGTTCAAGG
B;G9;UDP0167;ATCATAGGCT;AGCCTATGAT;CACCACCTAC;CACCACCTAC;GTAGGTGGTG
B;H9;UDP0168;GATTGTCATA;TATGACAATC;TTGCTTGTAT;TTGCTTGTAT;ATACAAGCAA
B;A10;UDP0169;CCAACAACAT;ATGTTGTTGG;CAATCTATGA;CAATCTATGA;TCATAGATTG
B;B10;UDP0170;TTGGTGGTGC;GCACCACCAA;TGGTACTGAT;TGGTACTGAT;ATCAGTACCA
B;C10;UDP0171;GCGAACGCCT;AGGCGTTCGC;TTCATCCAAC;TTCATCCAAC;GTTGGATGAA
B;D10;UDP0172;CAACCGGAGG;CCTCCGGTTG;CATAACACCA;CATAACACCA;TGGTGTTATG
B;E10;UDP0173;AGCGGTGGAC;GTCCACCGCT;TCCTATTAGC;TCCTATTAGC;GCTAATAGGA
B;F10;UDP0174;GACGAACAAT;ATTGTTCGTC;TCTCTAGATT;TCTCTAGATT;AATCTAGAGA
B;G10;UDP0175;CCACTGGTCC;GGACCAGTGG;CGCGAGCCTA;CGCGAGCCTA;TAGGCTCGCG
B;H10;UDP0176;TGTTAGAAGG;CCTTCTAACA;GATAAGCTCT;GATAAGCTCT;AGAGCTTATC
B;A11;UDP0177;TATATTCGAG;CTCGAATATA;GAGATGTCGA;GAGATGTCGA;TCGACATCTC
B;B11;UDP0178;CGCGACGATC;GATCGTCGCG;CTGGATATGT;CTGGATATGT;ACATATCCAG
B;C11;UDP0179;GCCTCGGATA;TATCCGAGGC;GGCCAATAAG;GGCCAATAAG;CTTATTGGCC
B;D11;UDP0180;TGAGACAGCG;CGCTGTCTCA;ATTACTCACC;ATTACTCACC;GGTGAGTAAT
B;E11;UDP0181;TGTTCGCATT;AATGCGAACA;AATTGGCGGA;AATTGGCGGA;TCCGCCAATT
B;F11;UDP0182;TCCAAGAATT;AATTCTTGGA;TTGTCAACTT;TTGTCAACTT;AAGTTGACAA
B;G11;UDP0183;GCTGTAGGAA;TTCCTACAGC;GGCGAATTCT;GGCGAATTCT;AGAATTCGCC
B;H11;UDP0184;ATACCTGGAT;ATCCAGGTAT;CAACGTCAGC;CAACGTCAGC;GCTGACGTTG
B;A12;UDP0185;GTTGGACCGT;ACGGTCCAAC;TCTTACATCA;TCTTACATCA;TGATGTAAGA
B;B12;UDP0186;ACCAAGTTAC;GTAACTTGGT;CGCCATACCT;CGCCATACCT;AGGTATGGCG
B;C12;UDP0187;GTGTGGCGCT;AGCGCCACAC;CTAATGTCTT;CTAATGTCTT;AAGACATTAG
B;D12;UDP0188;GGCAGTAGCA;TGCTACTGCC;CAACCGGAGG;CAACCGGAGG;CCTCCGGTTG
B;E12;UDP0189;TGCGGTGTTG;CAACACCGCA;GGCAGTAGCA;GGCAGTAGCA;TGCTACTGCC
B;F12;UDP0190;GATTAAGGTG;CACCTTAATC;TTAGGATAGA;TTAGGATAGA;TCTATCCTAA
B;G12;UDP0191;CAACATTCAA;TTGAATGTTG;CGCAATCTAG;CGCAATCTAG;CTAGATTGCG
B;H12;UDP0192;GTGTTACCGG;CCGGTAACAC;GAGTTGTACT;GAGTTGTACT;AGTACAACTC
C;A1;UDP0193;TATCATGAGA;TCTCATGATA;AACACGTGGA;AACACGTGGA;TCCACGTGTT
C;B1;UDP0194;CTTGGCCTCG;CGAGGCCAAG;GTGTTACCGG;GTGTTACCGG;CCGGTAACAC
C;C1;UDP0195;GTCTCGTGAA;TTCACGAGAC;AGATTGTTAC;AGATTGTTAC;GTAACAATCT
C;D1;UDP0196;CCATCCACGC;GCGTGGATGG;TTGACCAATG;TTGACCAATG;CATTGGTCAA
C;E1;UDP0197;ACAACCAGGA;TCCTGGTTGT;CTGACCGGCA;CTGACCGGCA;TGCCGGTCAG
C;F1;UDP0198;AGCAGAATTA;TAATTCTGCT;TCTCATCAAT;TCTCATCAAT;ATTGATGAGA
C;G1;UDP0199;CAGTCGTGCG;CGCACGACTG;GGACCAACAG;GGACCAACAG;CTGTTGGTCC
C;H1;UDP0200;GTCTAACCTC;GAGGTTAGAC;AATGTATTGC;AATGTATTGC;GCAATACATT
C;A2;UDP0201;GAACTCGGTT;AACCGAGTTC;GATCTCTGGA;GATCTCTGGA;TCCAGAGATC
C;B2;UDP0202;AGTTATCACA;TGTGATAACT;CAGGCGCCAT;CAGGCGCCAT;ATGGCGCCTG
C;C2;UDP0203;GTAGCATACT;AGTATGCTAC;TTAATAGACC;TTAATAGACC;GGTCTATTAA
C;D2;UDP0204;CTTCAGTTAC;GTAACTGAAG;GGAGTCGCGA;GGAGTCGCGA;TCGCGACTCC
C;E2;UDP0205;AGTCCGAGGA;TCCTCGGACT;AACGCCAGAG;AACGCCAGAG;CTCTGGCGTT
C;F2;UDP0206;ACAGTTCCAG;CTGGAACTGT;CGTAATTAAC;CGTAATTAAC;GTTAATTACG
C;G2;UDP0207;CCGCATATTC;GAATATGCGG;ACGAGACTGA;ACGAGACTGA;TCAGTCTCGT
C;H2;UDP0208;TTATCCGATC;GATCGGATAA;GTATCGGCCG;GTATCGGCCG;CGGCCGATAC
C;A3;UDP0209;ATAGTCTAGC;GCTAGACTAT;AATACGACAT;AATACGACAT;ATGTCGTATT
C;B3;UDP0210;TATAGTAGCT;AGCTACTATA;GTTATATGGC;GTTATATGGC;GCCATATAAC
C;C3;UDP0211;ACTCCGGTGG;CCACCGGAGT;GCCTGCCATG;GCCTGCCATG;CATGGCAGGC
C;D3;UDP0212;GTGCGGTAAG;CTTACCGCAC;TAAGACCTAT;TAAGACCTAT;ATAGGTCTTA
C;E3;UDP0213;GATATCCTAA;TTAGGATATC;TATACCATGG;TATACCATGG;CCATGGTATA
C;F3;UDP0214;TCGCGTATAA;TTATACGCGA;GCCGTCTGTT;GCCGTCTGTT;AACAGACGGC
C;G3;UDP0215;ATTCTAAGCG;CGCTTAGAAT;CAGAGTGATA;CAGAGTGATA;TATCACTCTG
C;H3;UDP0216;AGCGCTTCGG;CCGAAGCGCT;TGCTAACTAT;TGCTAACTAT;ATAGTTAGCA
C;A4;UDP0217;GTTGATAGTG;CACTATCAAC;TCAGTTAATG;TCAGTTAATG;CATTAACTGA
C;B4;UDP0218;AATAGAGCAA;TTGCTCTATT;GTGACCTTGA;GTGACCTTGA;TCAAGGTCAC
C;C4;UDP0219;CTAACTGTAA;TTACAGTTAG;ACATGCATAT;ACATGCATAT;ATATGCATGT
C;D4;UDP0220;GCGTACTTAG;CTAAGTACGC;AACATACCTA;AACATACCTA;TAGGTATGTT
C;E4;UDP0221;TACCGAACTA;TAGTTCGGTA;CCATGTGTAG;CCATGTGTAG;CTACACATGG
C;F4;UDP0222;GTAGTAATAG;CTATTACTAC;GAGTCTCTCC;GAGTCTCTCC;GGAGAGACTC
C;G4;UDP0223;GGTTATGCTA;TAGCATAACC;GCTATGCGCA;GCTATGCGCA;TGCGCATAGC
C;H4;UDP0224;ACAATAGAGT;ACTCTATTGT;ATCGCATATG;ATCGCATATG;CATATGCGAT
C;A5;UDP0225;GCTTCCACTA;TAGTGGAAGC;AGTACCTATA;AGTACCTATA;TATAGGTACT
C;B5;UDP0226;AGATATGGCG;CGCCATATCT;GACCGGAGAT;GACCGGAGAT;ATCTCCGGTC
C;C5;UDP0227;AATATGAAGC;GCTTCATATT;CGTTCAGCCT;CGTTCAGCCT;AGGCTGAACG
C;D5;UDP0228;TAGCGCTAGT;ACTAGCGCTA;TTACTTCCTC;TTACTTCCTC;GAGGAAGTAA
C;E5;UDP0229;AGTTAAGAGC;GCTCTTAACT;CACGTCCACC;CACGTCCACC;GGTGGACGTG
C;F5;UDP0230;CAGATACCAC;GTGGTATCTG;GCTACTATCT;GCTACTATCT;AGATAGTAGC
C;G5;UDP0231;ACGGCCGTCA;TGACGGCCGT;AGTCAACCAT;AGTCAACCAT;ATGGTTGACT
C;H5;UDP0232;GTAATTACTG;CAGTAATTAC;CGAGGCGGTA;CGAGGCGGTA;TACCGCCTCG
C;A6;UDP0233;AAGTCTTGTA;TACAAGACTT;CAGGTGTTCA;CAGGTGTTCA;TGAACACCTG
C;B6;UDP0234;GTCACCACAG;CTGTGGTGAC;GACAGACAGG;GACAGACAGG;CCTGTCTGTC
C;C6;UDP0235;ATTAGTGGAG;CTCCACTAAT;TGTACTTGTT;TGTACTTGTT;AACAAGTACA
C;D6;UDP0236;TGCTAACTAT;ATAGTTAGCA;CTCTAAGTAG;CTCTAAGTAG;CTACTTAGAG
C;E6;UDP0237;TAAGACCTAT;ATAGGTCTTA;GTCACCACAG;GTCACCACAG;CTGTGGTGAC
C;F6;UDP0238;TGGTTAAGAA;TTCTTAACCA;TCTACATACC;TCTACATACC;GGTATGTAGA
C;G6;UDP0239;ACTCTTCCTT;AAGGAAGAGT;CACGTTAGGC;CACGTTAGGC;GCCTAACGTG
C;H6;UDP0240;GTCTCCTTCC;GGAAGGAGAC;TGGTGAGTCT;TGGTGAGTCT;AGACTCACCA
C;A7;UDP0241;TCCGCGTTCA;TGAACGCGGA;CTTCGAAGGA;CTTCGAAGGA;TCCTTCGAAG
C;B7;UDP0242;AGGTTGCAGG;CCTGCAACCT;GTAGAGTCAG;GTAGAGTCAG;CTGACTCTAC
C;C7;UDP0243;GAACCATGAA;TTCATGGTTC;GACATTGTCA;GACATTGTCA;TGACAATGTC
C;D7;UDP0244;TTGAGAGGAT;ATCCTCTCAA;TCCGCAAGGC;TCCGCAAGGC;GCCTTGCGGA
C;E7;UDP0245;TGGTCTAGTG;CACTAGACCA;ACTGCCTTAT;ACTGCCTTAT;ATAAGGCAGT
C;F7;UDP0246;AGTGGATAAT;ATTATCCACT;TACGCACGTA;TACGCACGTA;TACGTGCGTA
C;G7;UDP0247;GGCACGCCAT;ATGGCGTGCC;CGCTTGAAGT;CGCTTGAAGT;ACTTCAAGCG
C;H7;UDP0248;GATCTCTGGA;TCCAGAGATC;CTGCACTTCA;CTGCACTTCA;TGAAGTGCAG
C;A8;UDP0249;TGCTGGACAT;ATGTCCAGCA;CAGCGGACAA;CAGCGGACAA;TTGTCCGCTG
C;B8;UDP0250;CCGAACGTTG;CAACGTTCGG;GGATCCGCAT;GGATCCGCAT;ATGCGGATCC
C;C8;UDP0251;ATTAATACGC;GCGTATTAAT;TGCGGTGTTG;TGCGGTGTTG;CAACACCGCA
C;D8;UDP0252V2;CCAGATTCGG;CCGAATCTGG;ATGAATCAAG;ATGAATCAAG;CTTGATTCAT
C;E8;UDP0253;GGTATTGAGA;TCTCAATACC;GACGTTCGCG;GACGTTCGCG;CGCGAACGTC
C;F8;UDP0254;CAAGATGCTT;AAGCATCTTG;CATTCAACAA;CATTCAACAA;TTGTTGAATG
C;G8;UDP0255;ACGAGACTGA;TCAGTCTCGT;CACGGATTAT;CACGGATTAT;ATAATCCGTG
C;H8;UDP0256;TTATCTTGCA;TGCAAGATAA;TTGAGGACGG;TTGAGGACGG;CCGTCCTCAA
C;A9;UDP0257;AGATTGTTAC;GTAACAATCT;CTCTGTATAC;CTCTGTATAC;GTATACAGAG
C;B9;UDP0258V2;TATACCATGG;CCATGGTATA;TCTCGCGGAG;TCTCGCGGAG;CTCCGCGAGA
C;C9;UDP0259;AACGGTATGA;TCATACCGTT;GGTAACGCAG;GGTAACGCAG;CTGCGTTACC
C;D9;UDP0260;CAATGGCGCC;GGCGCCATTG;ACCGCGCAAT;ACCGCGCAAT;ATTGCGCGGT
C;E9;UDP0261;CTAATTCGCT;AGCGAATTAG;AGCCGGAACA;AGCCGGAACA;TGTTCCGGCT
C;F9;UDP0262;CATGGTCTAA;TTAGACCATG;TCCTAGGAAG;TCCTAGGAAG;CTTCCTAGGA
C;G9;UDP0263;ATACTGTGTG;CACACAGTAT;TTGAGCCTAA;TTGAGCCTAA;TTAGGCTCAA
C;H9;UDP0264;GCCGACAAGA;TCTTGTCGGC;CCACCTGTGT;CCACCTGTGT;ACACAGGTGG
C;A10;UDP0265;CGAGGCGGTA;TACCGCCTCG;CCTCGCAACC;CCTCGCAACC;GGTTGCGAGG
C;B10;UDP0266;GATATAACAG;CTGTTATATC;GTATAGCTGT;GTATAGCTGT;ACAGCTATAC
C;C10;UDP0267;TCGCCGGTTA;TAACCGGCGA;GCTACATTAG;GCTACATTAG;CTAATGTAGC
C;D10;UDP0268;AGACTCTCTT;AAGAGAGTCT;TACGAATCTT;TACGAATCTT;AAGATTCGTA
C;E10;UDP0269;GCTCGCCTAC;GTAGGCGAGC;TAGGAGCGCA;TAGGAGCGCA;TGCGCTCCTA
C;F10;UDP0270;AGGATAAGTT;AACTTATCCT;GTACTGGCGT;GTACTGGCGT;ACGCCAGTAC
C;G10;UDP0271;GAGACATAAT;ATTATGTCTC;AGTTAAGAGC;AGTTAAGAGC;GCTCTTAACT
C;H10;UDP0272;AGCTGTTATA;TATAACAGCT;TCGCGTATAA;TCGCGTATAA;TTATACGCGA
C;A11;UDP0273;GTATCATTGG;CCAATGATAC;GAGTGTGCCG;GAGTGTGCCG;CGGCACACTC
C;B11;UDP0274;AATAGGCCTC;GAGGCCTATT;CTAGTCCGGA;CTAGTCCGGA;TCCGGACTAG
C;C11;UDP0275;CCGCTTAGCT;AGCTAAGCGG;ATTAATACGC;ATTAATACGC;GCGTATTAAT
C;D11;UDP0276;TCCTAGGAAG;CTTCCTAGGA;CCTAGAGTAT;CCTAGAGTAT;ATACTCTAGG
C;E11;UDP0277;TCACAGATCG;CGATCTGTGA;TAGGAAGACT;TAGGAAGACT;AGTCTTCCTA
C;F11;UDP0278;ACTTGTCCAC;GTGGACAAGT;CCGTGGCCTT;CCGTGGCCTT;AAGGCCACGG
C;G11;UDP0279;TGTACTTGTT;AACAAGTACA;GGATATATCC;GGATATATCC;GGATATATCC
C;H11;UDP0280;CACTTAATCT;AGATTAAGTG;CACCTCTTGG;CACCTCTTGG;CCAAGAGGTG
C;A12;UDP0281;CAGAGTGATA;TATCACTCTG;AACGTTACAT;AACGTTACAT;ATGTAACGTT
C;B12;UDP0282;GGCGAATTCT;AGAATTCGCC;CGGCAAGCTC;CGGCAAGCTC;GAGCTTGCCG
C;C12;UDP0283;AGTGGTCAGG;CCTGACCACT;TCTTGGCTAT;TCTTGGCTAT;ATAGCCAAGA
C;D12;UDP0284;CATTCCAGCT;AGCTGGAATG;ACGGAATGCG;ACGGAATGCG;CGCATTCCGT
C;E12;UDP0285;CTCGTTATCA;TGATAACGAG;GTTCCGCAGG;GTTCCGCAGG;CCTGCGGAAC
C;F12;UDP0286;CCTTACTATG;CATAGTAAGG;ACCAAGTTAC;ACCAAGTTAC;GTAACTTGGT
C;G12;UDP0287;AGAAGCCAAT;ATTGGCTTCT;TGGCTCGCAG;TGGCTCGCAG;CTGCGAGCCA
C;H12;UDP0288;TAATCGGTAC;GTACCGATTA;AACTAACGTT;AACTAACGTT;AACGTTAGTT
D;A1;UDP0289V2;GCTACTATCT;AGATAGTAGC;GGCACGCCAT;GGCACGCCAT;ATGGCGTGCC
D;B1;UDP0290V2;GTCTTCTAAT;ATTAGAAGAC;GCAGGCTGGA;GCAGGCTGGA;TCCAGCCTGC
D;C1;UDP0291V2;ATGTGCGAGC;GCTCGCACAT;ATGGCTTAAT;ATGGCTTAAT;ATTAAGCCAT
D;D1;UDP0292;TGGCAATATT;AATATTGCCA;CGGTGACACC;CGGTGACACC;GGTGTCACCG
D;E1;UDP0293;GAATGCACGA;TCGTGCATTC;GCGTTGGTAT;GCGTTGGTAT;ATACCAACGC
D;F1;UDP0294;CGTGTATCTT;AAGATACACG;TGTGCTAACA;TGTGCTAACA;TGTTAGCACA
D;G1;UDP0295;ATTCATTGCA;TGCAATGAAT;CCAGAAGTAA;CCAGAAGTAA;TTACTTCTGG
D;H1;UDP0296;TCCTTCATAG;CTATGAAGGA;CTTATACCTG;CTTATACCTG;CAGGTATAAG
D;A2;UDP0297;TCTAGTCTTC;GAAGACTAGA;ACTAGAACTT;ACTAGAACTT;AAGTTCTAGT
D;B2;UDP0298;CTCGACTCCT;AGGAGTCGAG;TTAGGCTTAC;TTAGGCTTAC;GTAAGCCTAA
D;C2;UDP0299;AGTGAGTGAA;TTCACTCACT;TATCATGAGA;TATCATGAGA;TCTCATGATA
D;D2;UDP0300;GAAGCGGACC;GGTCCGCTTC;CTCACACAAG;CTCACACAAG;CTTGTGTGAG
D;E2;UDP0301V2;CAAGCCACTA;TAGTGGCTTG;AGTTACTTGG;AGTTACTTGG;CCAAGTAACT
D;F2;UDP0302;GGACCTCAAT;ATTGAGGTCC;CGGATTATAT;CGGATTATAT;ATATAATCCG
D;G2;UDP0303;GAGTCTCTCC;GGAGAGACTC;TTGAAGCAGA;TTGAAGCAGA;TCTGCTTCAA
D;H2;UDP0304;AACGGAGCGG;CCGCTCCGTT;TACGGCGAAG;TACGGCGAAG;CTTCGCCGTA
D;A3;UDP0305;TGTGATGTAT;ATACATCACA;TCTCCATTGA;TCTCCATTGA;TCAATGGAGA
D;B3;UDP0306;AACATACCTA;TAGGTATGTT;CGAGACCAAG;CGAGACCAAG;CTTGGTCTCG
D;C3;UDP0307;GTGCTAGGTG;CACCTAGCAC;TGCTGGACAT;TGCTGGACAT;ATGTCCAGCA
D;D3;UDP0308;CATACTTGAA;TTCAAGTATG;GATGGTATCG;GATGGTATCG;CGATACCATC
D;E3;UDP0309;CTTGTCTTAA;TTAAGACAAG;GGCTTAATTG;GGCTTAATTG;CAATTAAGCC
D;F3;UDP0310;AAGAGAGGTG;CACCTCTCTT;CTCGACTCCT;CTCGACTCCT;AGGAGTCGAG
D;G3;UDP0311;TGCACGAGAA;TTCTCGTGCA;ATACACAGAG;ATACACAGAG;CTCTGTGTAT
D;H3;UDP0312;ACTTCCTAGC;GCTAGGAAGT;TCTCGGACGA;TCTCGGACGA;TCGTCCGAGA
D;A4;UDP0313;GTGCTATTAA;TTAATAGCAC;ACCACGTCTG;ACCACGTCTG;CAGACGTGGT
D;B4;UDP0314;AGCGTGAATG;CATTCACGCT;GTTGTACTCA;GTTGTACTCA;TGAGTACAAC
D;C4;UDP0315;CCTTAGTGCC;GGCACTAAGG;TCAGGTCAAC;TCAGGTCAAC;GTTGACCTGA
D;D4;UDP0316;TGTACCGAAT;ATTCGGTACA;AGTCCGAGGA;AGTCCGAGGA;TCCTCGGACT
D;E4;UDP0317;GGAGATTAGT;ACTAATCTCC;CACTTAATCT;CACTTAATCT;AGATTAAGTG
D;F4;UDP0318;TACTAACACA;TGTGTTAGTA;TACTCTGTTA;TACTCTGTTA;TAACAGAGTA
D;G4;UDP0319;TAGGTCGTTG;CAACGACCTA;GCGACTCGAT;GCGACTCGAT;ATCGAGTCGC
D;H4;UDP0320;ATGCCGACCG;CGGTCGGCAT;CTAGGCAAGG;CTAGGCAAGG;CCTTGCCTAG
D;A5;UDP0321;CTAGCGTCGA;TCGACGCTAG;CCTCTTCGAA;CCTCTTCGAA;TTCGAAGAGG
D;B5;UDP0322;TGCCTACGAG;CTCGTAGGCA;TCATCCTCTT;TCATCCTCTT;AAGAGGATGA
D;C5;UDP0323;ACTAGAACTT;AAGTTCTAGT;GGTAAGATAA;GGTAAGATAA;TTATCTTACC
D;D5;UDP0324;CACCTCTTGG;CCAAGAGGTG;AACGAGCCAG;AACGAGCCAG;CTGGCTCGTT
D;E5;UDP0325;AAGCAGATAT;ATATCTGCTT;TAGACAATCT;TAGACAATCT;AGATTGTCTA
D;F5;UDP0326;GCCAGATCCA;TGGATCTGGC;CAATGCTGAA;CAATGCTGAA;TTCAGCATTG
D;G5;UDP0327;TTGGATTCAA;TTGAATCCAA;GTCACGGTGT;GTCACGGTGT;ACACCGTGAC
D;H5;UDP0328;ACTAGCCGTG;CACGGCTAGT;GGTGTACAAG;GGTGTACAAG;CTTGTACACC
D;A6;UDP0329;CGGCAAGCTC;GAGCTTGCCG;AGGTTGCAGG;AGGTTGCAGG;CCTGCAACCT
D;B6;UDP0330;GAAGCTAGCT;AGCTAGCTTC;TAATACGGAG;TAATACGGAG;CTCCGTATTA
D;C6;UDP0331;ACAAGGATTG;CAATCCTTGT;CGAAGACGCA;CGAAGACGCA;TGCGTCTTCG
D;D6;UDP0332;GCAACAGGTG;CACCTGTTGC;ATTGACACAT;ATTGACACAT;ATGTGTCAAT
D;E6;UDP0333;CAAGGTGACG;CGTCACCTTG;CAGCCGATTG;CAGCCGATTG;CAATCGGCTG
D;F6;UDP0334;ACCAGTCATT;AATGACTGGT;TCTCACGCGT;TCTCACGCGT;ACGCGTGAGA
D;G6;UDP0335;CCGGAATCAT;ATGATTCCGG;CTCTGACGTG;CTCTGACGTG;CACGTCAGAG
D;H6;UDP0336;TTGAGCCTAA;TTAGGCTCAA;TCGAATGGAA;TCGAATGGAA;TTCCATTCGA
D;A7;UDP0337;CCACCTTACA;TGTAAGGTGG;AAGGCCTTGG;AAGGCCTTGG;CCAAGGCCTT
D;B7;UDP0338;GTTGCAGTTG;CAACTGCAAC;TGAACGCAAC;TGAACGCAAC;GTTGCGTTCA
D;C7;UDP0339;TCACTCATGT;ACATGAGTGA;CCGCTTAGCT;CCGCTTAGCT;AGCTAAGCGG
D;D7;UDP0340;GACTGGTTGC;GCAACCAGTC;CACCGAGGAA;CACCGAGGAA;TTCCTCGGTG
D;E7;UDP0341;ATCGTCGCTC;GAGCGACGAT;CGTATAATCA;CGTATAATCA;TGATTATACG
D;F7;UDP0342;GGTGCGTTCG;CGAACGCACC;ATGACAGAAC;ATGACAGAAC;GTTCTGTCAT
D;G7;UDP0343;CGGCGTAAGA;TCTTACGCCG;ATTCATTGCA;ATTCATTGCA;TGCAATGAAT
D;H7;UDP0344;GACATCAGCT;AGCTGATGTC;TCATGTCCTG;TCATGTCCTG;CAGGACATGA
D;A8;UDP0345;ACTAATTCAG;CTGAATTAGT;AATTCGATCG;AATTCGATCG;CGATCGAATT
D;B8;UDP0346;TTCCTCCTTA;TAAGGAGGAA;TTCCGACATT;TTCCGACATT;AATGTCGGAA
D;C8;UDP0347;TGTGTAAGCT;AGCTTACACA;TGGCACGACC;TGGCACGACC;GGTCGTGCCA
D;D8;UDP0348;GTGGCTGGTT;AACCAGCCAC;GCCACAGCAC;GCCACAGCAC;GTGCTGTGGC
D;E8;UDP0349;TCGACTTAAG;CTTAAGTCGA;CAGTAGTTGT;CAGTAGTTGT;ACAACTACTG
D;F8;UDP0350;CACGTTAGGC;GCCTAACGTG;AGCTCTCAAG;AGCTCTCAAG;CTTGAGAGCT
D;G8;UDP0351;TGAAGTAAGT;ACTTACTTCA;TCTGGAATTA;TCTGGAATTA;TAATTCCAGA
D;H8;UDP0352;ACGGAATGCG;CGCATTCCGT;ATTAGTGGAG;ATTAGTGGAG;CTCCACTAAT
D;A9;UDP0353;GTGTGATATC;GATATCACAC;GACTATATGT;GACTATATGT;ACATATAGTC
D;B9;UDP0354;ACACAGCGCT;AGCGCTGTGT;CGTTCGGAAC;CGTTCGGAAC;GTTCCGAACG
D;C9;UDP0355;AGCGCGGTGA;TCACCGCGCT;TCGATACTAG;TCGATACTAG;CTAGTATCGA
D;D9;UDP0356;CAAGGCTATC;GATAGCCTTG;TACCACAATG;TACCACAATG;CATTGTGGTA
D;E9;UDP0357;TGCGTCCAGG;CCTGGACGCA;TGGTATACCA;TGGTATACCA;TGGTATACCA
D;F9;UDP0358;AGGTGCGTAA;TTACGCACCT;GCTCTCGTTG;GCTCTCGTTG;CAACGAGAGC
D;G9;UDP0359;GCAGCAACGA;TCGTTGCTGC;GTCTCGTGAA;GTCTCGTGAA;TTCACGAGAC
D;H9;UDP0360;ATCCTTGTCG;CGACAAGGAT;AAGGCCACCT;AAGGCCACCT;AGGTGGCCTT
D;A10;UDP0361;GAAGGTACAC;GTGTACCTTC;CTGTGAGCTA;CTGTGAGCTA;TAGCTCACAG
D;B10;UDP0362;TTGGCCAGGT;ACCTGGCCAA;TCACAGATCG;TCACAGATCG;CGATCTGTGA
D;C10;UDP0363;AGGCCAGACA;TGTCTGGCCT;AGAAGCCAAT;AGAAGCCAAT;ATTGGCTTCT
D;D10;UDP0364;AGCATTAACT;AGTTAATGCT;ACTGCAGCCG;ACTGCAGCCG;CGGCTGCAGT
D;E10;UDP0365;ATTACTCACC;GGTGAGTAAT;AACATCTAGT;AACATCTAGT;ACTAGATGTT
D;F10;UDP0366;GCGCAGAGTA;TACTCTGCGC;CCTTACTATG;CCTTACTATG;CATAGTAAGG
D;G10;UDP0367;CGCCATACCT;AGGTATGGCG;GTGGCGAGAC;GTGGCGAGAC;GTCTCGCCAC
D;H10;UDP0368;GCAGGCTGGA;TCCAGCCTGC;GCCAGATCCA;GCCAGATCCA;TGGATCTGGC
D;A11;UDP0369;GTTATATGGC;GCCATATAAC;ACACAATATC;ACACAATATC;GATATTGTGT
D;B11;UDP0370;CACTCGCACT;AGTGCGAGTG;TGGAGGTAAT;TGGAGGTAAT;ATTACCTCCA
D;C11;UDP0371;ACCGGCTCAG;CTGAGCCGGT;CCTTCACGTA;CCTTCACGTA;TACGTGAAGG
D;D11;UDP0372;ATAGACCGTT;AACGGTCTAT;CTATACGCGG;CTATACGCGG;CCGCGTATAG
D;E11;UDP0373;TGAACGCAAC;GTTGCGTTCA;GTTGCAGTTG;GTTGCAGTTG;CAACTGCAAC
D;F11;UDP0374;GTGGTTGAAG;CTTCAACCAC;TTATGCGCCT;TTATGCGCCT;AGGCGCATAA
D;G11;UDP0375;ACTGAATAGA;TCTATTCAGT;TCTCAGTACA;TCTCAGTACA;TGTACTGAGA
D;H11;UDP0376;GGACGTCTTG;CAAGACGTCC;AGTATACGGA;AGTATACGGA;TCCGTATACT
D;A12;UDP0377;GTTGTACTCA;TGAGTACAAC;ACGCTTGGAC;ACGCTTGGAC;GTCCAAGCGT
D;B12;UDP0378;AGAACCGCGG;CCGCGGTTCT;GGAGTAGATT;GGAGTAGATT;AATCTACTCC
D;C12;UDP0379;CAGTATCAAT;ATTGATACTG;TACACGCTCC;TACACGCTCC;GGAGCGTGTA
D;D12;UDP0380;TCCATAATCC;GGATTATGGA;TCCGATAGAG;TCCGATAGAG;CTCTATCGGA
D;E12;UDP0381;ATGAGAACCA;TGGTTCTCAT;CTCAAGGCCG;CTCAAGGCCG;CGGCCTTGAG
D;F12;UDP0382;TCGTGGTTGA;TCAACCACGA;CAAGTTCATA;CAAGTTCATA;TATGAACTTG
D;G12;UDP0383;CAAGTTCATA;TATGAACTTG;AATCCTTAGG;AATCCTTAGG;CCTAAGGATT
D;H12;UDP0384;CTTAACCACT;AGTGGTTAAG;GGTGGAATAC;GGTGGAATAC;GTATTCCACC
